{
    "image_extent": [
        0,
        196.13780025892717,
        -118.87139409631949,
        0
    ],
    "image_shape": [
        780,
        1287,
        3
    ],
    "image_path": "C:\\Users\\celsius\\Projects\\0-Diss\\trajectory_detective\\data\\inD\\inD-dataset-v1.0\\data\\00_background.png",
    "rectangle_points": [
        45.0,
        -118.87139409631949,
        190.0,
        -118.87139409631949,
        190.0,
        0.0,
        45.0,
        0.0
    ],
    "grid_size": 68730,
    "rectangle_width": 145.0,
    "rectangle_height": 118.87139409631949,
    "rectangle_center": [
        117.5,
        -59.435697048159746
    ]
}